DateTimeReadUTC,job_id,job_link
2022-09-16 13:03:13.568885,3231331793,https://www.linkedin.com/jobs/view/3231331793
2022-09-16 13:03:13.585411,3268945886,https://www.linkedin.com/jobs/view/3268945886
2022-09-16 13:03:13.598433,3262294722,https://www.linkedin.com/jobs/view/3262294722
2022-09-16 13:03:13.611496,3249424042,https://www.linkedin.com/jobs/view/3249424042
2022-09-16 13:03:13.636187,3263089879,https://www.linkedin.com/jobs/view/3263089879
2022-09-16 13:03:13.670231,3236734699,https://www.linkedin.com/jobs/view/3236734699
2022-09-16 13:03:13.689450,3010173516,https://www.linkedin.com/jobs/view/3010173516
2022-09-16 13:03:13.720113,3241619610,https://www.linkedin.com/jobs/view/3241619610
2022-09-16 13:03:13.739189,3236729970,https://www.linkedin.com/jobs/view/3236729970
2022-09-16 13:03:13.787679,3085014613,https://www.linkedin.com/jobs/view/3085014613
2022-09-16 13:03:13.801276,3234862606,https://www.linkedin.com/jobs/view/3234862606
2022-09-16 13:03:13.821901,3263461904,https://www.linkedin.com/jobs/view/3263461904
2022-09-16 13:03:13.873548,3231921593,https://www.linkedin.com/jobs/view/3231921593
2022-09-16 13:03:13.881600,3223395321,https://www.linkedin.com/jobs/view/3223395321
2022-09-16 13:03:13.897144,3264924859,https://www.linkedin.com/jobs/view/3264924859
2022-09-16 13:03:13.954178,3194007814,https://www.linkedin.com/jobs/view/3194007814
2022-09-16 13:03:13.968958,3257348024,https://www.linkedin.com/jobs/view/3257348024
2022-09-16 13:03:13.983588,3261482673,https://www.linkedin.com/jobs/view/3261482673
2022-09-16 13:03:13.998738,3244012651,https://www.linkedin.com/jobs/view/3244012651
2022-09-16 13:03:14.012815,3156228491,https://www.linkedin.com/jobs/view/3156228491
2022-09-16 13:03:14.027040,3169493208,https://www.linkedin.com/jobs/view/3169493208
2022-09-16 13:03:14.040600,3233752439,https://www.linkedin.com/jobs/view/3233752439
2022-09-16 13:03:14.050566,3226594460,https://www.linkedin.com/jobs/view/3226594460
2022-09-16 13:03:14.060486,3265970350,https://www.linkedin.com/jobs/view/3265970350
2022-09-16 13:03:14.070076,3249111322,https://www.linkedin.com/jobs/view/3249111322
2022-09-16 13:03:19.267084,3268943851,https://www.linkedin.com/jobs/view/3268943851
2022-09-16 13:03:19.275059,2875838577,https://www.linkedin.com/jobs/view/2875838577
2022-09-16 13:03:19.289374,3183688415,https://www.linkedin.com/jobs/view/3183688415
2022-09-16 13:03:19.304467,3183735078,https://www.linkedin.com/jobs/view/3183735078
2022-09-16 13:03:19.347165,2983441512,https://www.linkedin.com/jobs/view/2983441512
2022-09-16 13:03:19.359945,3140329240,https://www.linkedin.com/jobs/view/3140329240
2022-09-16 13:03:19.401841,3249175088,https://www.linkedin.com/jobs/view/3249175088
2022-09-16 13:03:19.422181,3223783172,https://www.linkedin.com/jobs/view/3223783172
2022-09-16 13:03:19.461579,3264924855,https://www.linkedin.com/jobs/view/3264924855
2022-09-16 13:03:19.478631,3266814873,https://www.linkedin.com/jobs/view/3266814873
2022-09-16 13:03:19.530291,3244132734,https://www.linkedin.com/jobs/view/3244132734
2022-09-16 13:03:19.545848,3263016475,https://www.linkedin.com/jobs/view/3263016475
2022-09-16 13:03:19.574353,3234862607,https://www.linkedin.com/jobs/view/3234862607
2022-09-16 13:03:19.612242,3266599040,https://www.linkedin.com/jobs/view/3266599040
2022-09-16 13:03:19.650999,3269949950,https://www.linkedin.com/jobs/view/3269949950
2022-09-16 13:03:19.701249,3265203897,https://www.linkedin.com/jobs/view/3265203897
2022-09-16 13:03:19.753100,3245005384,https://www.linkedin.com/jobs/view/3245005384
2022-09-16 13:03:19.771882,3255251941,https://www.linkedin.com/jobs/view/3255251941
2022-09-16 13:03:19.805679,3222610270,https://www.linkedin.com/jobs/view/3222610270
2022-09-16 13:03:19.839159,3263093442,https://www.linkedin.com/jobs/view/3263093442
2022-09-16 13:03:19.850382,2885123341,https://www.linkedin.com/jobs/view/2885123341
2022-09-16 13:03:19.908518,3270602177,https://www.linkedin.com/jobs/view/3270602177
2022-09-16 13:03:19.926191,3253864601,https://www.linkedin.com/jobs/view/3253864601
2022-09-16 13:03:19.936206,3229952137,https://www.linkedin.com/jobs/view/3229952137
2022-09-16 13:03:19.948509,3238416483,https://www.linkedin.com/jobs/view/3238416483
2022-09-16 13:03:25.173700,3270890179,https://www.linkedin.com/jobs/view/3270890179
2022-09-16 13:03:25.182631,3231035508,https://www.linkedin.com/jobs/view/3231035508
2022-09-16 13:03:25.194662,3214734569,https://www.linkedin.com/jobs/view/3214734569
2022-09-16 13:03:25.203633,3041716898,https://www.linkedin.com/jobs/view/3041716898
2022-09-16 13:03:25.230546,3258921276,https://www.linkedin.com/jobs/view/3258921276
2022-09-16 13:03:25.266897,3256486114,https://www.linkedin.com/jobs/view/3256486114
2022-09-16 13:03:25.284145,2984878033,https://www.linkedin.com/jobs/view/2984878033
2022-09-16 13:03:25.319343,3170046498,https://www.linkedin.com/jobs/view/3170046498
2022-09-16 13:03:25.336380,3229951520,https://www.linkedin.com/jobs/view/3229951520
2022-09-16 13:03:25.369333,3248333616,https://www.linkedin.com/jobs/view/3248333616
2022-09-16 13:03:25.397456,3231376513,https://www.linkedin.com/jobs/view/3231376513
2022-09-16 13:03:25.413600,3236870557,https://www.linkedin.com/jobs/view/3236870557
2022-09-16 13:03:25.474476,3236870556,https://www.linkedin.com/jobs/view/3236870556
2022-09-16 13:03:25.510272,3255298938,https://www.linkedin.com/jobs/view/3255298938
2022-09-16 13:03:25.528499,3142509773,https://www.linkedin.com/jobs/view/3142509773
2022-09-16 13:03:25.571940,3258214978,https://www.linkedin.com/jobs/view/3258214978
2022-09-16 13:03:25.586957,3229970566,https://www.linkedin.com/jobs/view/3229970566
2022-09-16 13:03:25.623374,3226570236,https://www.linkedin.com/jobs/view/3226570236
2022-09-16 13:03:25.648975,3231309283,https://www.linkedin.com/jobs/view/3231309283
2022-09-16 13:03:25.687330,3262423699,https://www.linkedin.com/jobs/view/3262423699
2022-09-16 13:03:25.722210,3225608823,https://www.linkedin.com/jobs/view/3225608823
2022-09-16 13:03:25.739823,3258354910,https://www.linkedin.com/jobs/view/3258354910
2022-09-16 13:03:25.755434,3266816808,https://www.linkedin.com/jobs/view/3266816808
2022-09-16 13:03:25.766327,3247573397,https://www.linkedin.com/jobs/view/3247573397
2022-09-16 13:03:25.773316,3268973762,https://www.linkedin.com/jobs/view/3268973762
2022-09-16 13:03:31.032138,3224852676,https://www.linkedin.com/jobs/view/3224852676
2022-09-16 13:03:31.040400,3253805492,https://www.linkedin.com/jobs/view/3253805492
2022-09-16 13:03:31.052469,3094438549,https://www.linkedin.com/jobs/view/3094438549
2022-09-16 13:03:31.071743,2877799609,https://www.linkedin.com/jobs/view/2877799609
2022-09-16 13:03:31.094006,3010120762,https://www.linkedin.com/jobs/view/3010120762
2022-09-16 13:03:31.130907,3267163691,https://www.linkedin.com/jobs/view/3267163691
2022-09-16 13:03:31.146372,3214420145,https://www.linkedin.com/jobs/view/3214420145
2022-09-16 13:03:31.182369,3197920619,https://www.linkedin.com/jobs/view/3197920619
2022-09-16 13:03:31.196481,3133013950,https://www.linkedin.com/jobs/view/3133013950
2022-09-16 13:03:31.218711,3238356018,https://www.linkedin.com/jobs/view/3238356018
2022-09-16 13:03:31.259345,3255269023,https://www.linkedin.com/jobs/view/3255269023
2022-09-16 13:03:31.274384,3257309941,https://www.linkedin.com/jobs/view/3257309941
2022-09-16 13:03:31.304542,3182146648,https://www.linkedin.com/jobs/view/3182146648
2022-09-16 13:03:31.338128,3224811620,https://www.linkedin.com/jobs/view/3224811620
2022-09-16 13:03:31.352087,3200836662,https://www.linkedin.com/jobs/view/3200836662
2022-09-16 13:03:31.391168,3269935436,https://www.linkedin.com/jobs/view/3269935436
2022-09-16 13:03:31.406593,3229930438,https://www.linkedin.com/jobs/view/3229930438
2022-09-16 13:03:31.443018,3078420584,https://www.linkedin.com/jobs/view/3078420584
2022-09-16 13:03:31.469427,3267160887,https://www.linkedin.com/jobs/view/3267160887
2022-09-16 13:03:31.505794,3264019613,https://www.linkedin.com/jobs/view/3264019613
2022-09-16 13:03:31.521040,3194848422,https://www.linkedin.com/jobs/view/3194848422
2022-09-16 13:03:31.539409,3255286574,https://www.linkedin.com/jobs/view/3255286574
2022-09-16 13:03:31.563904,3248339245,https://www.linkedin.com/jobs/view/3248339245
2022-09-16 13:03:31.574767,3266052460,https://www.linkedin.com/jobs/view/3266052460
2022-09-16 13:03:31.587357,3270989856,https://www.linkedin.com/jobs/view/3270989856
2022-09-16 13:03:36.799128,3170049067,https://www.linkedin.com/jobs/view/3170049067
2022-09-16 13:03:36.807414,3249042760,https://www.linkedin.com/jobs/view/3249042760
2022-09-16 13:03:36.825342,3230557529,https://www.linkedin.com/jobs/view/3230557529
2022-09-16 13:03:36.839953,3176841930,https://www.linkedin.com/jobs/view/3176841930
2022-09-16 13:03:36.876503,3247294406,https://www.linkedin.com/jobs/view/3247294406
2022-09-16 13:03:36.890858,3264944914,https://www.linkedin.com/jobs/view/3264944914
2022-09-16 13:03:36.913154,3206003517,https://www.linkedin.com/jobs/view/3206003517
2022-09-16 13:03:36.952303,3148669270,https://www.linkedin.com/jobs/view/3148669270
2022-09-16 13:03:36.968842,2881996537,https://www.linkedin.com/jobs/view/2881996537
2022-09-16 13:03:37.001995,3225635814,https://www.linkedin.com/jobs/view/3225635814
2022-09-16 13:03:37.032283,3266244810,https://www.linkedin.com/jobs/view/3266244810
2022-09-16 13:03:37.047820,3214488768,https://www.linkedin.com/jobs/view/3214488768
2022-09-16 13:03:37.085781,3247023194,https://www.linkedin.com/jobs/view/3247023194
2022-09-16 13:03:37.100125,3234088685,https://www.linkedin.com/jobs/view/3234088685
2022-09-16 13:03:37.126218,3266065172,https://www.linkedin.com/jobs/view/3266065172
2022-09-16 13:03:37.157219,3257342610,https://www.linkedin.com/jobs/view/3257342610
2022-09-16 13:03:37.199310,3255328855,https://www.linkedin.com/jobs/view/3255328855
2022-09-16 13:03:37.217390,3256959561,https://www.linkedin.com/jobs/view/3256959561
2022-09-16 13:03:37.242498,3182148323,https://www.linkedin.com/jobs/view/3182148323
2022-09-16 13:03:37.287160,3267283927,https://www.linkedin.com/jobs/view/3267283927
2022-09-16 13:03:37.302791,3259208199,https://www.linkedin.com/jobs/view/3259208199
2022-09-16 13:03:37.337246,2978203951,https://www.linkedin.com/jobs/view/2978203951
2022-09-16 13:03:37.351255,3246330897,https://www.linkedin.com/jobs/view/3246330897
2022-09-16 13:03:37.363785,3269536400,https://www.linkedin.com/jobs/view/3269536400
2022-09-16 13:03:37.373975,3135826305,https://www.linkedin.com/jobs/view/3135826305
2022-09-16 13:03:42.575036,3136116105,https://www.linkedin.com/jobs/view/3136116105
2022-09-16 13:03:42.587447,3163350608,https://www.linkedin.com/jobs/view/3163350608
2022-09-16 13:03:42.606269,3120879699,https://www.linkedin.com/jobs/view/3120879699
2022-09-16 13:03:42.621215,3241707618,https://www.linkedin.com/jobs/view/3241707618
2022-09-16 13:03:42.654827,3268927704,https://www.linkedin.com/jobs/view/3268927704
2022-09-16 13:03:42.675505,3087430268,https://www.linkedin.com/jobs/view/3087430268
2022-09-16 13:03:42.711158,3146821189,https://www.linkedin.com/jobs/view/3146821189
2022-09-16 13:03:42.740598,3242212818,https://www.linkedin.com/jobs/view/3242212818
2022-09-16 13:03:42.767743,3171947412,https://www.linkedin.com/jobs/view/3171947412
2022-09-16 13:03:42.781627,2978758553,https://www.linkedin.com/jobs/view/2978758553
2022-09-16 13:03:42.813808,3205323407,https://www.linkedin.com/jobs/view/3205323407
2022-09-16 13:03:42.868500,3214995643,https://www.linkedin.com/jobs/view/3214995643
2022-09-16 13:03:42.882695,3203611218,https://www.linkedin.com/jobs/view/3203611218
2022-09-16 13:03:42.906402,3123956849,https://www.linkedin.com/jobs/view/3123956849
2022-09-16 13:03:42.946972,3214486922,https://www.linkedin.com/jobs/view/3214486922
2022-09-16 13:03:42.962310,3253209296,https://www.linkedin.com/jobs/view/3253209296
2022-09-16 13:03:43.003497,3231372901,https://www.linkedin.com/jobs/view/3231372901
2022-09-16 13:03:43.034979,3247583063,https://www.linkedin.com/jobs/view/3247583063
2022-09-16 13:03:43.051702,3214997669,https://www.linkedin.com/jobs/view/3214997669
2022-09-16 13:03:43.080068,3269327513,https://www.linkedin.com/jobs/view/3269327513
2022-09-16 13:03:43.113785,3252944274,https://www.linkedin.com/jobs/view/3252944274
2022-09-16 13:03:43.139947,3253503126,https://www.linkedin.com/jobs/view/3253503126
2022-09-16 13:03:43.161056,3193739744,https://www.linkedin.com/jobs/view/3193739744
2022-09-16 13:03:43.173158,3253285639,https://www.linkedin.com/jobs/view/3253285639
2022-09-16 13:03:43.185239,3244590723,https://www.linkedin.com/jobs/view/3244590723
2022-09-16 13:03:48.423946,3164869062,https://www.linkedin.com/jobs/view/3164869062
2022-09-16 13:03:48.436905,3215238578,https://www.linkedin.com/jobs/view/3215238578
2022-09-16 13:03:48.450166,2978205689,https://www.linkedin.com/jobs/view/2978205689
2022-09-16 13:03:48.479717,3231372900,https://www.linkedin.com/jobs/view/3231372900
2022-09-16 13:03:48.496807,3268691217,https://www.linkedin.com/jobs/view/3268691217
2022-09-16 13:03:48.527693,3270137979,https://www.linkedin.com/jobs/view/3270137979
2022-09-16 13:03:48.573823,3171947417,https://www.linkedin.com/jobs/view/3171947417
2022-09-16 13:03:48.603386,3267214784,https://www.linkedin.com/jobs/view/3267214784
2022-09-16 13:03:48.622924,3261736947,https://www.linkedin.com/jobs/view/3261736947
2022-09-16 13:03:48.654798,3198690955,https://www.linkedin.com/jobs/view/3198690955
2022-09-16 13:03:48.688452,3065028662,https://www.linkedin.com/jobs/view/3065028662
2022-09-16 13:03:48.703569,3249525173,https://www.linkedin.com/jobs/view/3249525173
2022-09-16 13:03:48.746689,3189566764,https://www.linkedin.com/jobs/view/3189566764
2022-09-16 13:03:48.769109,3229915171,https://www.linkedin.com/jobs/view/3229915171
2022-09-16 13:03:48.810617,3095529275,https://www.linkedin.com/jobs/view/3095529275
2022-09-16 13:03:48.826568,3063172135,https://www.linkedin.com/jobs/view/3063172135
2022-09-16 13:03:48.837997,3248337398,https://www.linkedin.com/jobs/view/3248337398
2022-09-16 13:03:48.887145,3258935515,https://www.linkedin.com/jobs/view/3258935515
2022-09-16 13:03:48.907229,3174890050,https://www.linkedin.com/jobs/view/3174890050
2022-09-16 13:03:48.935751,3228661705,https://www.linkedin.com/jobs/view/3228661705
2022-09-16 13:03:48.980928,3150181925,https://www.linkedin.com/jobs/view/3150181925
2022-09-16 13:03:48.998244,3253206538,https://www.linkedin.com/jobs/view/3253206538
2022-09-16 13:03:49.014482,3242289286,https://www.linkedin.com/jobs/view/3242289286
2022-09-16 13:03:49.026669,3236523346,https://www.linkedin.com/jobs/view/3236523346
2022-09-16 13:03:49.038773,3252936959,https://www.linkedin.com/jobs/view/3252936959
2022-09-16 13:03:54.260136,3164189816,https://www.linkedin.com/jobs/view/3164189816
2022-09-16 13:03:54.274442,3255294188,https://www.linkedin.com/jobs/view/3255294188
2022-09-16 13:03:54.291887,3267586687,https://www.linkedin.com/jobs/view/3267586687
2022-09-16 13:03:54.309689,3110885023,https://www.linkedin.com/jobs/view/3110885023
2022-09-16 13:03:54.335144,3228039242,https://www.linkedin.com/jobs/view/3228039242
2022-09-16 13:03:54.366656,3221913400,https://www.linkedin.com/jobs/view/3221913400
2022-09-16 13:03:54.413486,2708174228,https://www.linkedin.com/jobs/view/2708174228
2022-09-16 13:03:54.431538,2940142491,https://www.linkedin.com/jobs/view/2940142491
2022-09-16 13:03:54.473822,2765886417,https://www.linkedin.com/jobs/view/2765886417
2022-09-16 13:03:54.516255,3228332710,https://www.linkedin.com/jobs/view/3228332710
2022-09-16 13:03:54.532465,3194726889,https://www.linkedin.com/jobs/view/3194726889
2022-09-16 13:03:54.576146,3165388818,https://www.linkedin.com/jobs/view/3165388818
2022-09-16 13:03:54.594085,3261857986,https://www.linkedin.com/jobs/view/3261857986
2022-09-16 13:03:54.640874,2978039968,https://www.linkedin.com/jobs/view/2978039968
2022-09-16 13:03:54.663638,3244712956,https://www.linkedin.com/jobs/view/3244712956
2022-09-16 13:03:54.690280,2978759274,https://www.linkedin.com/jobs/view/2978759274
2022-09-16 13:03:54.736922,3237840251,https://www.linkedin.com/jobs/view/3237840251
2022-09-16 13:03:54.823195,3196941476,https://www.linkedin.com/jobs/view/3196941476
2022-09-16 13:03:54.842692,3021519959,https://www.linkedin.com/jobs/view/3021519959
2022-09-16 13:03:54.905241,3242353154,https://www.linkedin.com/jobs/view/3242353154
2022-09-16 13:03:54.927327,3249414828,https://www.linkedin.com/jobs/view/3249414828
2022-09-16 13:03:54.964213,3244149657,https://www.linkedin.com/jobs/view/3244149657
2022-09-16 13:03:54.984844,3207838697,https://www.linkedin.com/jobs/view/3207838697
2022-09-16 13:03:54.998421,3264951476,https://www.linkedin.com/jobs/view/3264951476
2022-09-16 13:03:55.012789,3269303298,https://www.linkedin.com/jobs/view/3269303298
2022-09-16 13:04:00.256463,3066870359,https://www.linkedin.com/jobs/view/3066870359
2022-09-16 13:04:00.267425,3228332711,https://www.linkedin.com/jobs/view/3228332711
2022-09-16 13:04:00.281505,3267238128,https://www.linkedin.com/jobs/view/3267238128
2022-09-16 13:04:00.293843,3170046491,https://www.linkedin.com/jobs/view/3170046491
2022-09-16 13:04:00.314937,3267014626,https://www.linkedin.com/jobs/view/3267014626
2022-09-16 13:04:00.348010,3230116447,https://www.linkedin.com/jobs/view/3230116447
2022-09-16 13:04:00.367519,3174038570,https://www.linkedin.com/jobs/view/3174038570
2022-09-16 13:04:00.404795,2872451132,https://www.linkedin.com/jobs/view/2872451132
2022-09-16 13:04:00.420645,3232802154,https://www.linkedin.com/jobs/view/3232802154
2022-09-16 13:04:00.458655,3247059647,https://www.linkedin.com/jobs/view/3247059647
2022-09-16 13:04:00.474905,3077089651,https://www.linkedin.com/jobs/view/3077089651
2022-09-16 13:04:00.508599,3077400068,https://www.linkedin.com/jobs/view/3077400068
2022-09-16 13:04:00.542092,3268653146,https://www.linkedin.com/jobs/view/3268653146
2022-09-16 13:04:00.556726,3180552461,https://www.linkedin.com/jobs/view/3180552461
2022-09-16 13:04:00.581178,3255012418,https://www.linkedin.com/jobs/view/3255012418
2022-09-16 13:04:00.624883,3089627544,https://www.linkedin.com/jobs/view/3089627544
2022-09-16 13:04:00.644188,3225562055,https://www.linkedin.com/jobs/view/3225562055
2022-09-16 13:04:00.685674,3221996736,https://www.linkedin.com/jobs/view/3221996736
2022-09-16 13:04:00.699222,3180411850,https://www.linkedin.com/jobs/view/3180411850
2022-09-16 13:04:00.740276,3222587670,https://www.linkedin.com/jobs/view/3222587670
2022-09-16 13:04:00.755098,3206001199,https://www.linkedin.com/jobs/view/3206001199
2022-09-16 13:04:00.787406,3174008961,https://www.linkedin.com/jobs/view/3174008961
2022-09-16 13:04:00.803702,3065034012,https://www.linkedin.com/jobs/view/3065034012
2022-09-16 13:04:00.814800,2973691928,https://www.linkedin.com/jobs/view/2973691928
2022-09-16 13:04:00.827142,3195490957,https://www.linkedin.com/jobs/view/3195490957
2022-09-16 13:04:06.082147,3229908969,https://www.linkedin.com/jobs/view/3229908969
2022-09-16 13:04:06.093658,2854554517,https://www.linkedin.com/jobs/view/2854554517
2022-09-16 13:04:06.109070,3256933980,https://www.linkedin.com/jobs/view/3256933980
2022-09-16 13:04:06.122568,3227010278,https://www.linkedin.com/jobs/view/3227010278
2022-09-16 13:04:06.157366,3081857364,https://www.linkedin.com/jobs/view/3081857364
2022-09-16 13:04:06.177764,3228237807,https://www.linkedin.com/jobs/view/3228237807
2022-09-16 13:04:06.204252,3231928130,https://www.linkedin.com/jobs/view/3231928130
2022-09-16 13:04:06.234431,3022680929,https://www.linkedin.com/jobs/view/3022680929
2022-09-16 13:04:06.275987,3235103292,https://www.linkedin.com/jobs/view/3235103292
2022-09-16 13:04:06.291628,3180737169,https://www.linkedin.com/jobs/view/3180737169
2022-09-16 13:04:06.315805,3120902649,https://www.linkedin.com/jobs/view/3120902649
2022-09-16 13:04:06.355247,3206213015,https://www.linkedin.com/jobs/view/3206213015
2022-09-16 13:04:06.371981,3170048341,https://www.linkedin.com/jobs/view/3170048341
2022-09-16 13:04:06.399159,3205883445,https://www.linkedin.com/jobs/view/3205883445
2022-09-16 13:04:06.431131,3157988477,https://www.linkedin.com/jobs/view/3157988477
2022-09-16 13:04:06.460680,3245379537,https://www.linkedin.com/jobs/view/3245379537
2022-09-16 13:04:06.497292,3244006323,https://www.linkedin.com/jobs/view/3244006323
2022-09-16 13:04:06.539051,3161218468,https://www.linkedin.com/jobs/view/3161218468
2022-09-16 13:04:06.583781,3265972005,https://www.linkedin.com/jobs/view/3265972005
2022-09-16 13:04:06.601849,3068720945,https://www.linkedin.com/jobs/view/3068720945
2022-09-16 13:04:06.646592,3250375939,https://www.linkedin.com/jobs/view/3250375939
2022-09-16 13:04:06.662678,3271938161,https://www.linkedin.com/jobs/view/3271938161
2022-09-16 13:04:06.678930,3239134987,https://www.linkedin.com/jobs/view/3239134987
2022-09-16 13:04:06.689674,3225618196,https://www.linkedin.com/jobs/view/3225618196
2022-09-16 13:04:06.702880,3241712240,https://www.linkedin.com/jobs/view/3241712240
2022-09-16 13:04:11.882935,3223685012,https://www.linkedin.com/jobs/view/3223685012
2022-09-16 13:04:11.896483,3266950219,https://www.linkedin.com/jobs/view/3266950219
2022-09-16 13:04:11.909894,3259200506,https://www.linkedin.com/jobs/view/3259200506
2022-09-16 13:04:11.924326,3241712269,https://www.linkedin.com/jobs/view/3241712269
2022-09-16 13:04:11.953682,3236550217,https://www.linkedin.com/jobs/view/3236550217
2022-09-16 13:04:12.014442,3264529512,https://www.linkedin.com/jobs/view/3264529512
2022-09-16 13:04:12.031743,3071330946,https://www.linkedin.com/jobs/view/3071330946
2022-09-16 13:04:12.073439,3225596479,https://www.linkedin.com/jobs/view/3225596479
2022-09-16 13:04:12.096370,3242286318,https://www.linkedin.com/jobs/view/3242286318
2022-09-16 13:04:12.108356,3127560335,https://www.linkedin.com/jobs/view/3127560335
2022-09-16 13:04:12.149744,3244489732,https://www.linkedin.com/jobs/view/3244489732
2022-09-16 13:04:12.164655,3244590175,https://www.linkedin.com/jobs/view/3244590175
2022-09-16 13:04:12.199046,3247051933,https://www.linkedin.com/jobs/view/3247051933
2022-09-16 13:04:12.214571,3161214843,https://www.linkedin.com/jobs/view/3161214843
2022-09-16 13:04:12.264240,3214256927,https://www.linkedin.com/jobs/view/3214256927
2022-09-16 13:04:12.281279,3247056878,https://www.linkedin.com/jobs/view/3247056878
2022-09-16 13:04:12.308215,2871387441,https://www.linkedin.com/jobs/view/2871387441
2022-09-16 13:04:12.355519,3249952528,https://www.linkedin.com/jobs/view/3249952528
2022-09-16 13:04:12.371765,2701622990,https://www.linkedin.com/jobs/view/2701622990
2022-09-16 13:04:12.415516,3210277482,https://www.linkedin.com/jobs/view/3210277482
2022-09-16 13:04:12.432901,3267256669,https://www.linkedin.com/jobs/view/3267256669
2022-09-16 13:04:12.471102,3227943133,https://www.linkedin.com/jobs/view/3227943133
2022-09-16 13:04:12.487482,3078930158,https://www.linkedin.com/jobs/view/3078930158
2022-09-16 13:04:12.501639,3268688673,https://www.linkedin.com/jobs/view/3268688673
2022-09-16 13:04:12.513428,2738506111,https://www.linkedin.com/jobs/view/2738506111
2022-09-16 13:04:17.699425,3145333645,https://www.linkedin.com/jobs/view/3145333645
2022-09-16 13:04:17.710239,3142592489,https://www.linkedin.com/jobs/view/3142592489
2022-09-16 13:04:17.730551,3220813868,https://www.linkedin.com/jobs/view/3220813868
2022-09-16 13:04:17.744112,3174038573,https://www.linkedin.com/jobs/view/3174038573
2022-09-16 13:04:17.777765,3018962585,https://www.linkedin.com/jobs/view/3018962585
2022-09-16 13:04:17.800751,3243445817,https://www.linkedin.com/jobs/view/3243445817
2022-09-16 13:04:17.830236,3170043914,https://www.linkedin.com/jobs/view/3170043914
2022-09-16 13:04:17.855947,3024062348,https://www.linkedin.com/jobs/view/3024062348
2022-09-16 13:04:17.873190,2735946139,https://www.linkedin.com/jobs/view/2735946139
2022-09-16 13:04:17.916393,3227522295,https://www.linkedin.com/jobs/view/3227522295
2022-09-16 13:04:17.930511,3190278704,https://www.linkedin.com/jobs/view/3190278704
2022-09-16 13:04:17.956118,3224312018,https://www.linkedin.com/jobs/view/3224312018
2022-09-16 13:04:17.997419,3259241060,https://www.linkedin.com/jobs/view/3259241060
2022-09-16 13:04:18.013595,3197192649,https://www.linkedin.com/jobs/view/3197192649
2022-09-16 13:04:18.042496,3200153228,https://www.linkedin.com/jobs/view/3200153228
2022-09-16 13:04:18.067748,3253880912,https://www.linkedin.com/jobs/view/3253880912
2022-09-16 13:04:18.107611,3221864790,https://www.linkedin.com/jobs/view/3221864790
2022-09-16 13:04:18.124231,3233773476,https://www.linkedin.com/jobs/view/3233773476
2022-09-16 13:04:18.153403,3018962577,https://www.linkedin.com/jobs/view/3018962577
2022-09-16 13:04:18.185613,3141981287,https://www.linkedin.com/jobs/view/3141981287
2022-09-16 13:04:18.217027,3239999324,https://www.linkedin.com/jobs/view/3239999324
2022-09-16 13:04:18.253961,3254086877,https://www.linkedin.com/jobs/view/3254086877
2022-09-16 13:04:18.269789,3266938372,https://www.linkedin.com/jobs/view/3266938372
2022-09-16 13:04:18.283842,3255275176,https://www.linkedin.com/jobs/view/3255275176
2022-09-16 13:04:18.297840,3230878443,https://www.linkedin.com/jobs/view/3230878443
2022-09-16 13:04:23.458718,3243624405,https://www.linkedin.com/jobs/view/3243624405
2022-09-16 13:04:23.467688,3197922422,https://www.linkedin.com/jobs/view/3197922422
2022-09-16 13:04:23.484220,3043128072,https://www.linkedin.com/jobs/view/3043128072
2022-09-16 13:04:23.499058,3247864965,https://www.linkedin.com/jobs/view/3247864965
2022-09-16 13:04:23.546871,3124477182,https://www.linkedin.com/jobs/view/3124477182
2022-09-16 13:04:23.574167,3148936814,https://www.linkedin.com/jobs/view/3148936814
2022-09-16 13:04:23.588748,3269306895,https://www.linkedin.com/jobs/view/3269306895
2022-09-16 13:04:23.633438,3220811981,https://www.linkedin.com/jobs/view/3220811981
2022-09-16 13:04:23.649308,2945741771,https://www.linkedin.com/jobs/view/2945741771
2022-09-16 13:04:23.689805,3194128798,https://www.linkedin.com/jobs/view/3194128798
2022-09-16 13:04:23.706945,3269204860,https://www.linkedin.com/jobs/view/3269204860
2022-09-16 13:04:23.746418,3142564940,https://www.linkedin.com/jobs/view/3142564940
2022-09-16 13:04:23.764141,3132906634,https://www.linkedin.com/jobs/view/3132906634
2022-09-16 13:04:23.814866,3217310105,https://www.linkedin.com/jobs/view/3217310105
2022-09-16 13:04:23.885191,2955585127,https://www.linkedin.com/jobs/view/2955585127
2022-09-16 13:04:23.924542,3229909984,https://www.linkedin.com/jobs/view/3229909984
2022-09-16 13:04:23.970548,3229971553,https://www.linkedin.com/jobs/view/3229971553
2022-09-16 13:04:24.024236,3103118102,https://www.linkedin.com/jobs/view/3103118102
2022-09-16 13:04:24.044009,3125578844,https://www.linkedin.com/jobs/view/3125578844
2022-09-16 13:04:24.084310,3256966142,https://www.linkedin.com/jobs/view/3256966142
2022-09-16 13:04:24.108899,3195590273,https://www.linkedin.com/jobs/view/3195590273
2022-09-16 13:04:24.142118,3272235007,https://www.linkedin.com/jobs/view/3272235007
2022-09-16 13:04:24.159568,3141023338,https://www.linkedin.com/jobs/view/3141023338
2022-09-16 13:04:24.173031,3234634664,https://www.linkedin.com/jobs/view/3234634664
2022-09-16 13:04:24.187048,3259203885,https://www.linkedin.com/jobs/view/3259203885
2022-09-16 13:04:29.362291,3138169128,https://www.linkedin.com/jobs/view/3138169128
2022-09-16 13:04:29.371391,3268966255,https://www.linkedin.com/jobs/view/3268966255
2022-09-16 13:04:29.387687,3142585199,https://www.linkedin.com/jobs/view/3142585199
2022-09-16 13:04:29.407973,2971559696,https://www.linkedin.com/jobs/view/2971559696
2022-09-16 13:04:29.447069,3174909097,https://www.linkedin.com/jobs/view/3174909097
2022-09-16 13:04:29.461719,3040712766,https://www.linkedin.com/jobs/view/3040712766
2022-09-16 13:04:29.506004,2653850251,https://www.linkedin.com/jobs/view/2653850251
2022-09-16 13:04:29.542349,3258358838,https://www.linkedin.com/jobs/view/3258358838
2022-09-16 13:04:29.566089,3101724217,https://www.linkedin.com/jobs/view/3101724217
2022-09-16 13:04:29.632506,3175892593,https://www.linkedin.com/jobs/view/3175892593
2022-09-16 13:04:29.647835,3255797989,https://www.linkedin.com/jobs/view/3255797989
2022-09-16 13:04:29.674112,3203647569,https://www.linkedin.com/jobs/view/3203647569
2022-09-16 13:04:29.705638,3124768978,https://www.linkedin.com/jobs/view/3124768978
2022-09-16 13:04:29.747204,2983932004,https://www.linkedin.com/jobs/view/2983932004
2022-09-16 13:04:29.778875,3221488236,https://www.linkedin.com/jobs/view/3221488236
2022-09-16 13:04:29.797505,3170843894,https://www.linkedin.com/jobs/view/3170843894
2022-09-16 13:04:29.839901,3180547913,https://www.linkedin.com/jobs/view/3180547913
2022-09-16 13:04:29.857237,3249048199,https://www.linkedin.com/jobs/view/3249048199
2022-09-16 13:04:29.883287,3243514477,https://www.linkedin.com/jobs/view/3243514477
2022-09-16 13:04:29.932758,3224163757,https://www.linkedin.com/jobs/view/3224163757
2022-09-16 13:04:29.951230,3253441257,https://www.linkedin.com/jobs/view/3253441257
2022-09-16 13:04:29.983255,3264085435,https://www.linkedin.com/jobs/view/3264085435
2022-09-16 13:04:29.999444,3258917860,https://www.linkedin.com/jobs/view/3258917860
2022-09-16 13:04:30.012524,3220814733,https://www.linkedin.com/jobs/view/3220814733
2022-09-16 13:04:30.026698,3253287606,https://www.linkedin.com/jobs/view/3253287606
2022-09-16 13:04:35.272544,2694800557,https://www.linkedin.com/jobs/view/2694800557
2022-09-16 13:04:35.285598,3248205160,https://www.linkedin.com/jobs/view/3248205160
2022-09-16 13:04:35.304754,3128837067,https://www.linkedin.com/jobs/view/3128837067
2022-09-16 13:04:35.330877,3209042064,https://www.linkedin.com/jobs/view/3209042064
2022-09-16 13:04:35.392145,3239996349,https://www.linkedin.com/jobs/view/3239996349
2022-09-16 13:04:35.410332,3250978712,https://www.linkedin.com/jobs/view/3250978712
2022-09-16 13:04:35.432616,3142592399,https://www.linkedin.com/jobs/view/3142592399
2022-09-16 13:04:35.485394,3221919699,https://www.linkedin.com/jobs/view/3221919699
2022-09-16 13:04:35.501014,3259203884,https://www.linkedin.com/jobs/view/3259203884
2022-09-16 13:04:35.536644,3269301819,https://www.linkedin.com/jobs/view/3269301819
2022-09-16 13:04:35.557561,2973467799,https://www.linkedin.com/jobs/view/2973467799
2022-09-16 13:04:35.584319,3239167065,https://www.linkedin.com/jobs/view/3239167065
2022-09-16 13:04:35.615708,3270866597,https://www.linkedin.com/jobs/view/3270866597
2022-09-16 13:04:35.655314,3225887054,https://www.linkedin.com/jobs/view/3225887054
2022-09-16 13:04:35.672510,3099800187,https://www.linkedin.com/jobs/view/3099800187
2022-09-16 13:04:35.713230,3256993221,https://www.linkedin.com/jobs/view/3256993221
2022-09-16 13:04:35.730368,3239904577,https://www.linkedin.com/jobs/view/3239904577
2022-09-16 13:04:35.769190,3217310104,https://www.linkedin.com/jobs/view/3217310104
2022-09-16 13:04:35.795136,3245151641,https://www.linkedin.com/jobs/view/3245151641
2022-09-16 13:04:35.838172,3078418908,https://www.linkedin.com/jobs/view/3078418908
2022-09-16 13:04:35.856457,3245915953,https://www.linkedin.com/jobs/view/3245915953
2022-09-16 13:04:35.891876,3152178614,https://www.linkedin.com/jobs/view/3152178614
2022-09-16 13:04:35.913091,3258329442,https://www.linkedin.com/jobs/view/3258329442
2022-09-16 13:04:35.924687,3219987238,https://www.linkedin.com/jobs/view/3219987238
2022-09-16 13:04:35.937752,3253025283,https://www.linkedin.com/jobs/view/3253025283
2022-09-16 13:04:41.106770,2701622989,https://www.linkedin.com/jobs/view/2701622989
2022-09-16 13:04:41.116901,2896520227,https://www.linkedin.com/jobs/view/2896520227
2022-09-16 13:04:41.129094,3248204639,https://www.linkedin.com/jobs/view/3248204639
2022-09-16 13:04:41.140150,3125314023,https://www.linkedin.com/jobs/view/3125314023
2022-09-16 13:04:41.179887,3241949962,https://www.linkedin.com/jobs/view/3241949962
2022-09-16 13:04:41.193020,3257419202,https://www.linkedin.com/jobs/view/3257419202
2022-09-16 13:04:41.215097,3241622071,https://www.linkedin.com/jobs/view/3241622071
2022-09-16 13:04:41.244631,3204951130,https://www.linkedin.com/jobs/view/3204951130
2022-09-16 13:04:41.261251,3257418370,https://www.linkedin.com/jobs/view/3257418370
2022-09-16 13:04:41.289340,3268951440,https://www.linkedin.com/jobs/view/3268951440
2022-09-16 13:04:41.314896,3219985484,https://www.linkedin.com/jobs/view/3219985484
2022-09-16 13:04:41.347536,3197923395,https://www.linkedin.com/jobs/view/3197923395
2022-09-16 13:04:41.382982,3268948433,https://www.linkedin.com/jobs/view/3268948433
2022-09-16 13:04:41.421930,3267705963,https://www.linkedin.com/jobs/view/3267705963
2022-09-16 13:04:41.437803,3270065392,https://www.linkedin.com/jobs/view/3270065392
2022-09-16 13:04:41.464359,3218865627,https://www.linkedin.com/jobs/view/3218865627
2022-09-16 13:04:41.503816,3263095821,https://www.linkedin.com/jobs/view/3263095821
2022-09-16 13:04:41.547176,3259749415,https://www.linkedin.com/jobs/view/3259749415
2022-09-16 13:04:41.595433,3212114242,https://www.linkedin.com/jobs/view/3212114242
2022-09-16 13:04:41.609588,3270138316,https://www.linkedin.com/jobs/view/3270138316
2022-09-16 13:04:41.634273,3247883842,https://www.linkedin.com/jobs/view/3247883842
2022-09-16 13:04:41.663616,3268682709,https://www.linkedin.com/jobs/view/3268682709
2022-09-16 13:04:41.678508,3257280678,https://www.linkedin.com/jobs/view/3257280678
2022-09-16 13:04:41.690966,3268989230,https://www.linkedin.com/jobs/view/3268989230
2022-09-16 13:04:41.701104,3175869008,https://www.linkedin.com/jobs/view/3175869008
2022-09-16 13:04:46.972287,3174078258,https://www.linkedin.com/jobs/view/3174078258
2022-09-16 13:04:46.989373,3268951234,https://www.linkedin.com/jobs/view/3268951234
2022-09-16 13:04:47.019076,3257412349,https://www.linkedin.com/jobs/view/3257412349
2022-09-16 13:04:47.045698,3231284141,https://www.linkedin.com/jobs/view/3231284141
2022-09-16 13:04:47.083702,3259875245,https://www.linkedin.com/jobs/view/3259875245
2022-09-16 13:04:47.101137,3225662228,https://www.linkedin.com/jobs/view/3225662228
2022-09-16 13:04:47.154466,3234943948,https://www.linkedin.com/jobs/view/3234943948
2022-09-16 13:04:47.170090,3259270092,https://www.linkedin.com/jobs/view/3259270092
2022-09-16 13:04:47.203518,3127858806,https://www.linkedin.com/jobs/view/3127858806
2022-09-16 13:04:47.234939,3265792982,https://www.linkedin.com/jobs/view/3265792982
2022-09-16 13:04:47.274410,3259266662,https://www.linkedin.com/jobs/view/3259266662
2022-09-16 13:04:47.301640,3265555624,https://www.linkedin.com/jobs/view/3265555624
2022-09-16 13:04:47.318329,3270075020,https://www.linkedin.com/jobs/view/3270075020
2022-09-16 13:04:47.374581,3261519607,https://www.linkedin.com/jobs/view/3261519607
2022-09-16 13:04:47.393803,3219984690,https://www.linkedin.com/jobs/view/3219984690
2022-09-16 13:04:47.431049,3261566373,https://www.linkedin.com/jobs/view/3261566373
2022-09-16 13:04:47.455745,3261563099,https://www.linkedin.com/jobs/view/3261563099
2022-09-16 13:04:47.561565,3270073483,https://www.linkedin.com/jobs/view/3270073483
2022-09-16 13:04:47.582675,3261514635,https://www.linkedin.com/jobs/view/3261514635
2022-09-16 13:04:47.609532,3266587828,https://www.linkedin.com/jobs/view/3266587828
2022-09-16 13:04:47.681891,3237730643,https://www.linkedin.com/jobs/view/3237730643
2022-09-16 13:04:47.699285,3264484294,https://www.linkedin.com/jobs/view/3264484294
2022-09-16 13:04:47.719084,3260446984,https://www.linkedin.com/jobs/view/3260446984
2022-09-16 13:04:47.736672,3147566358,https://www.linkedin.com/jobs/view/3147566358
2022-09-16 13:04:47.750241,3260450644,https://www.linkedin.com/jobs/view/3260450644
2022-09-16 13:04:52.959048,3259268698,https://www.linkedin.com/jobs/view/3259268698
2022-09-16 13:04:52.975480,3270986360,https://www.linkedin.com/jobs/view/3270986360
2022-09-16 13:04:53.005874,3271766608,https://www.linkedin.com/jobs/view/3271766608
2022-09-16 13:04:53.020639,3260454083,https://www.linkedin.com/jobs/view/3260454083
2022-09-16 13:04:53.049724,3260453069,https://www.linkedin.com/jobs/view/3260453069
2022-09-16 13:04:53.080431,3259265407,https://www.linkedin.com/jobs/view/3259265407
2022-09-16 13:04:53.105643,3260450701,https://www.linkedin.com/jobs/view/3260450701
2022-09-16 13:04:53.152351,3261542031,https://www.linkedin.com/jobs/view/3261542031
2022-09-16 13:04:53.170780,3260450553,https://www.linkedin.com/jobs/view/3260450553
2022-09-16 13:04:53.223567,3261539679,https://www.linkedin.com/jobs/view/3261539679
2022-09-16 13:04:53.241648,3259264998,https://www.linkedin.com/jobs/view/3259264998
2022-09-16 13:04:53.274857,3261540847,https://www.linkedin.com/jobs/view/3261540847
2022-09-16 13:04:53.322792,3234939346,https://www.linkedin.com/jobs/view/3234939346
2022-09-16 13:04:53.346278,3261527180,https://www.linkedin.com/jobs/view/3261527180
2022-09-16 13:04:53.392740,3261533256,https://www.linkedin.com/jobs/view/3261533256
2022-09-16 13:04:53.433137,3260447781,https://www.linkedin.com/jobs/view/3260447781
2022-09-16 13:04:53.479842,3261509971,https://www.linkedin.com/jobs/view/3261509971
2022-09-16 13:04:53.502051,3261534026,https://www.linkedin.com/jobs/view/3261534026
2022-09-16 13:04:53.545780,3219983793,https://www.linkedin.com/jobs/view/3219983793
2022-09-16 13:04:53.585230,3260450814,https://www.linkedin.com/jobs/view/3260450814
2022-09-16 13:04:53.649113,3261524574,https://www.linkedin.com/jobs/view/3261524574
2022-09-16 13:04:53.670831,3182211153,https://www.linkedin.com/jobs/view/3182211153
2022-09-16 13:04:53.697011,3219990037,https://www.linkedin.com/jobs/view/3219990037
2022-09-16 13:04:53.711460,3261550877,https://www.linkedin.com/jobs/view/3261550877
2022-09-16 13:04:53.725542,3261533822,https://www.linkedin.com/jobs/view/3261533822
2022-09-16 13:04:58.927720,3269983711,https://www.linkedin.com/jobs/view/3269983711
2022-09-16 13:04:58.937687,3269978856,https://www.linkedin.com/jobs/view/3269978856
2022-09-16 13:04:58.952797,3261513014,https://www.linkedin.com/jobs/view/3261513014
2022-09-16 13:04:58.968512,3270090981,https://www.linkedin.com/jobs/view/3270090981
2022-09-16 13:04:59.000751,3270025813,https://www.linkedin.com/jobs/view/3270025813
2022-09-16 13:04:59.032051,3266047163,https://www.linkedin.com/jobs/view/3266047163
2022-09-16 13:04:59.049321,3261548670,https://www.linkedin.com/jobs/view/3261548670
2022-09-16 13:04:59.104591,3266561348,https://www.linkedin.com/jobs/view/3266561348
2022-09-16 13:04:59.120696,3270095366,https://www.linkedin.com/jobs/view/3270095366
2022-09-16 13:04:59.147933,3268069525,https://www.linkedin.com/jobs/view/3268069525
2022-09-16 13:04:59.177429,3270026262,https://www.linkedin.com/jobs/view/3270026262
2022-09-16 13:04:59.216267,3120859830,https://www.linkedin.com/jobs/view/3120859830
2022-09-16 13:04:59.235402,3266028226,https://www.linkedin.com/jobs/view/3266028226
2022-09-16 13:04:59.277388,3266591148,https://www.linkedin.com/jobs/view/3266591148
2022-09-16 13:04:59.297531,3266036830,https://www.linkedin.com/jobs/view/3266036830
2022-09-16 13:04:59.340646,3198652275,https://www.linkedin.com/jobs/view/3198652275
2022-09-16 13:04:59.359174,3270062128,https://www.linkedin.com/jobs/view/3270062128
2022-09-16 13:04:59.400708,3251968461,https://www.linkedin.com/jobs/view/3251968461
2022-09-16 13:04:59.430277,3267828303,https://www.linkedin.com/jobs/view/3267828303
2022-09-16 13:04:59.449928,3266591656,https://www.linkedin.com/jobs/view/3266591656
2022-09-16 13:04:59.499084,3270201732,https://www.linkedin.com/jobs/view/3270201732
2022-09-16 13:04:59.517555,3266591201,https://www.linkedin.com/jobs/view/3266591201
2022-09-16 13:04:59.536083,3270097933,https://www.linkedin.com/jobs/view/3270097933
2022-09-16 13:04:59.549045,3267825690,https://www.linkedin.com/jobs/view/3267825690
2022-09-16 13:04:59.562998,3236721900,https://www.linkedin.com/jobs/view/3236721900
2022-09-16 13:05:04.916826,3265553908,https://www.linkedin.com/jobs/view/3265553908
2022-09-16 13:05:04.939422,3144473575,https://www.linkedin.com/jobs/view/3144473575
2022-09-16 13:05:04.972469,3265793906,https://www.linkedin.com/jobs/view/3265793906
2022-09-16 13:05:04.998365,3266579449,https://www.linkedin.com/jobs/view/3266579449
2022-09-16 13:05:05.051740,3270045135,https://www.linkedin.com/jobs/view/3270045135
2022-09-16 13:05:05.068355,3266577898,https://www.linkedin.com/jobs/view/3266577898
2022-09-16 13:05:05.105187,3267851063,https://www.linkedin.com/jobs/view/3267851063
2022-09-16 13:05:05.121276,3266192638,https://www.linkedin.com/jobs/view/3266192638
2022-09-16 13:05:05.153243,3233444882,https://www.linkedin.com/jobs/view/3233444882
2022-09-16 13:05:05.185381,3267853137,https://www.linkedin.com/jobs/view/3267853137
2022-09-16 13:05:05.201512,3270042622,https://www.linkedin.com/jobs/view/3270042622
2022-09-16 13:05:05.236834,3245377065,https://www.linkedin.com/jobs/view/3245377065
2022-09-16 13:05:05.266716,3228911679,https://www.linkedin.com/jobs/view/3228911679
2022-09-16 13:05:05.284033,3228912730,https://www.linkedin.com/jobs/view/3228912730
2022-09-16 13:05:05.313643,3245374290,https://www.linkedin.com/jobs/view/3245374290
2022-09-16 13:05:05.354412,3238687512,https://www.linkedin.com/jobs/view/3238687512
2022-09-16 13:05:05.373316,3235978276,https://www.linkedin.com/jobs/view/3235978276
2022-09-16 13:05:05.411280,3238685413,https://www.linkedin.com/jobs/view/3238685413
2022-09-16 13:05:05.430568,3238555952,https://www.linkedin.com/jobs/view/3238555952
2022-09-16 13:05:05.470633,3235101744,https://www.linkedin.com/jobs/view/3235101744
2022-09-16 13:05:05.490063,3235146322,https://www.linkedin.com/jobs/view/3235146322
2022-09-16 13:05:05.518226,3233931704,https://www.linkedin.com/jobs/view/3233931704
2022-09-16 13:05:05.542153,3233936339,https://www.linkedin.com/jobs/view/3233936339
2022-09-16 13:05:05.557265,3228968162,https://www.linkedin.com/jobs/view/3228968162
2022-09-16 13:05:05.570502,3235013892,https://www.linkedin.com/jobs/view/3235013892
